id,full_name,age,gender,village,district,province,business_type,business_description,claimed_monthly_income,years_in_business,marital_status,num_dependents,education_level,phone_number,has_bank_account,keeps_financial_records,financial_literacy_score
1,Ibu Pia Gunarto,27,Female,Desa Rancaekek,Garut,Jawa Barat,Warung Kelontong (Small Shop),Toko kelontong lengkap dengan produk rumah tangga dan makanan ringan,3601730,13.2,Janda,5,SMA,089085761723,False,True,70
2,Ibu Jelita Fujiati,45,Female,Desa Cikalong,Bandung,Jawa Barat,Warung Kelontong (Small Shop),Warung kecil di depan rumah jual sembako dan kebutuhan pokok warga sekitar,3291275,8.0,Menikah,1,SMA,089959362315,False,False,67
3,Ibu Tina Purwanti,38,Female,Desa Rancaekek,Cianjur,Jawa Barat,Warung Kelontong (Small Shop),Jual kebutuhan sehari-hari seperti sabun minyak goreng gula teh rokok snack anak-anak,3303911,5.8,Janda,0,D3,087027270264,False,False,39
4,Ibu Nadia Prasetyo,42,Female,Desa Margahayu,Tasikmalaya,Jawa Barat,Warung Kelontong (Small Shop),Toko kelontong lengkap dengan produk rumah tangga dan makanan ringan,3348314,1.5,Lajang,0,SMA,089648615802,True,True,50
5,Ibu Tami Uyainah,45,Female,Desa Margahayu,Tasikmalaya,Jawa Barat,Warung Kelontong (Small Shop),Jual kebutuhan sehari-hari seperti sabun minyak goreng gula teh rokok snack anak-anak,4705752,9.8,Menikah,2,D3,081923286871,True,True,56
6,Ibu Kezia Anggraini,49,Female,Desa Sindanglaya,Majalengka,Jawa Barat,Warung Kelontong (Small Shop),Warung kecil di depan rumah jual sembako dan kebutuhan pokok warga sekitar,3893542,8.1,Menikah,3,SMP,087181858447,False,True,37
7,Ibu Padma Jailani,52,Female,Desa Rancaekek,Bandung,Jawa Barat,Warung Kelontong (Small Shop),Jual kebutuhan sehari-hari seperti sabun minyak goreng gula teh rokok snack anak-anak,4267548,8.4,Janda,0,SMA,085258513728,True,False,64
8,Ibu Tantri Hutagalung,27,Female,Desa Margahayu,Cianjur,Jawa Barat,Warung Kelontong (Small Shop),Jual kebutuhan sehari-hari seperti sabun minyak goreng gula teh rokok snack anak-anak,4677560,7.1,Lajang,5,D3,085463923975,True,False,70
9,Ibu Icha Pratama,54,Female,Desa Cipanas,Cianjur,Jawa Barat,Warung Kelontong (Small Shop),Warung kecil di depan rumah jual sembako dan kebutuhan pokok warga sekitar,4871808,3.8,Lajang,2,SD,086694925832,False,True,61
10,Ibu Padmi Gunarto,37,Female,Desa Bojongsoang,Tasikmalaya,Jawa Barat,Warung Kelontong (Small Shop),Toko kelontong lengkap dengan produk rumah tangga dan makanan ringan,3572451,11.9,Lajang,5,SD,083421468064,True,False,78
11,Ibu Usyi Namaga,35,Female,Desa Sindanglaya,Cianjur,Jawa Barat,Warung Kelontong (Small Shop),Jual kebutuhan sehari-hari seperti sabun minyak goreng gula teh rokok snack anak-anak,4179347,11.2,Janda,2,D3,087096427695,True,True,36
12,Ibu Bella Budiman,30,Female,Desa Sukamaju,Tasikmalaya,Jawa Barat,Warung Kelontong (Small Shop),Toko kelontong lengkap dengan produk rumah tangga dan makanan ringan,3480899,10.6,Janda,4,SMA,082426019043,True,True,72
13,Ibu Michelle Winarno,25,Female,Desa Sindanglaya,Tasikmalaya,Jawa Barat,Warung Kelontong (Small Shop),Toko kelontong lengkap dengan produk rumah tangga dan makanan ringan,3437719,13.1,Janda,0,D3,082566055631,True,False,72
14,Ibu Gawati Salahudin,45,Female,Desa Margahayu,Cianjur,Jawa Barat,Warung Kelontong (Small Shop),Jual kebutuhan sehari-hari seperti sabun minyak goreng gula teh rokok snack anak-anak,3733285,9.5,Janda,1,D3,084135419801,True,False,69
15,Ibu Violet Waluyo,40,Female,Desa Sindanglaya,Bandung,Jawa Barat,Warung Kelontong (Small Shop),Toko kelontong lengkap dengan produk rumah tangga dan makanan ringan,4766758,1.4,Menikah,1,D3,085810735009,False,False,28
16,Ibu Zulfa Siregar,45,Female,Desa Margahayu,Garut,Jawa Barat,Warung Kelontong (Small Shop),Jual kebutuhan sehari-hari seperti sabun minyak goreng gula teh rokok snack anak-anak,3633142,3.9,Menikah,2,D3,082083856673,False,False,37
17,Ibu Zamira Suwarno,36,Female,Desa Margahayu,Sumedang,Jawa Barat,Warung Kelontong (Small Shop),Toko kelontong lengkap dengan produk rumah tangga dan makanan ringan,4184510,10.5,Janda,0,D3,083351795998,True,False,50
18,Ibu Farah Puspita,40,Female,Desa Bojongsoang,Bandung,Jawa Barat,Warung Kelontong (Small Shop),Warung kecil di depan rumah jual sembako dan kebutuhan pokok warga sekitar,4704670,14.2,Lajang,0,SD,084309339444,False,True,51
19,Ibu Nilam Safitri,27,Female,Desa Bojongsoang,Garut,Jawa Barat,Warung Gorengan (Fried Snacks Stall),Warung gorengan buka dari sore sampai malam pelanggan tetap banyak,2914480,1.0,Lajang,3,D3,081136389220,False,False,25
20,Ibu Citra Wulandari,34,Female,Desa Rancaekek,Sumedang,Jawa Barat,Warung Gorengan (Fried Snacks Stall),Jual gorengan seperti pisang goreng tempe goreng dan tahu isi setiap sore,2279233,9.8,Janda,4,SMA,083869472647,True,True,51
21,Ibu Raina Kusumo,38,Female,Desa Sindanglaya,Tasikmalaya,Jawa Barat,Warung Gorengan (Fried Snacks Stall),Jual gorengan seperti pisang goreng tempe goreng dan tahu isi setiap sore,2707155,1.0,Janda,5,SMA,081425902237,False,True,27
22,Ibu Karen Budiyanto,49,Female,Desa Cipanas,Tasikmalaya,Jawa Barat,Warung Gorengan (Fried Snacks Stall),Produksi gorengan fresh setiap hari untuk dijual ke tetangga dan anak sekolah,2755818,10.3,Lajang,3,D3,085770262565,False,True,41
23,Ibu Fitria Nainggolan,50,Female,Desa Cipanas,Tasikmalaya,Jawa Barat,Warung Gorengan (Fried Snacks Stall),Produksi gorengan fresh setiap hari untuk dijual ke tetangga dan anak sekolah,2405252,10.5,Lajang,1,SMA,089253246973,True,True,70
24,Ibu Ira Ardianto,50,Female,Desa Bojongsoang,Bandung,Jawa Barat,Warung Gorengan (Fried Snacks Stall),Produksi gorengan fresh setiap hari untuk dijual ke tetangga dan anak sekolah,2685966,2.5,Lajang,4,SMP,084914199096,False,True,72
25,Ibu Ciaobella Yolanda,26,Female,Desa Cipanas,Bandung,Jawa Barat,Warung Gorengan (Fried Snacks Stall),Produksi gorengan fresh setiap hari untuk dijual ke tetangga dan anak sekolah,2576790,9.5,Lajang,5,SD,081964648289,False,False,72
26,Ibu Jelita Irawan,44,Female,Desa Sukamaju,Bandung,Jawa Barat,Warung Gorengan (Fried Snacks Stall),Produksi gorengan fresh setiap hari untuk dijual ke tetangga dan anak sekolah,2763980,14.0,Lajang,3,D3,087787319807,False,True,20
27,Ibu Septi Mulyani,28,Female,Desa Bojongsoang,Cianjur,Jawa Barat,Warung Gorengan (Fried Snacks Stall),Produksi gorengan fresh setiap hari untuk dijual ke tetangga dan anak sekolah,2186256,4.7,Lajang,1,SMP,085271305250,True,True,42
28,Ibu Wirda Rahmawati,38,Female,Desa Sukamaju,Sumedang,Jawa Barat,Warung Gorengan (Fried Snacks Stall),Produksi gorengan fresh setiap hari untuk dijual ke tetangga dan anak sekolah,2660081,1.8,Janda,0,SD,088897227064,True,False,68
29,Ibu Mutia Sihombing,53,Female,Desa Rancaekek,Garut,Jawa Barat,Warung Gorengan (Fried Snacks Stall),Produksi gorengan fresh setiap hari untuk dijual ke tetangga dan anak sekolah,2305912,4.5,Lajang,0,D3,089697234412,True,False,38
30,Ibu Halima Rahayu,35,Female,Desa Rancaekek,Sumedang,Jawa Barat,Jahit Pakaian (Tailoring),Usaha jahit pakaian custom dan perbaikan baju. Sudah punya pelanggan tetap,2959394,1.8,Janda,4,SMP,081436792931,True,False,35
31,Ibu Intan Aryani,28,Female,Desa Sukamaju,Sumedang,Jawa Barat,Jahit Pakaian (Tailoring),Jahit baju rumah dan sekolah kadang dapat pesanan seragam,3535309,5.1,Menikah,2,D3,083000406386,False,False,55
32,Ibu Karen Simbolon,43,Female,Desa Bojongsoang,Cianjur,Jawa Barat,Jahit Pakaian (Tailoring),Usaha jahit pakaian custom dan perbaikan baju. Sudah punya pelanggan tetap,3311938,10.6,Menikah,1,SMP,087883325424,True,False,57
33,Ibu Vera Yulianti,52,Female,Desa Rancaekek,Cianjur,Jawa Barat,Jahit Pakaian (Tailoring),Jahit baju rumah dan sekolah kadang dapat pesanan seragam,2527422,2.5,Lajang,2,D3,082215921099,False,True,55
34,Ibu Titi Puspita,54,Female,Desa Rancaekek,Majalengka,Jawa Barat,Jahit Pakaian (Tailoring),Usaha jahit pakaian custom dan perbaikan baju. Sudah punya pelanggan tetap,3458730,0.6,Menikah,2,D3,082444833524,False,True,34
35,Ibu Intan Haryanti,41,Female,Desa Cipanas,Majalengka,Jawa Barat,Jahit Pakaian (Tailoring),Terima jahit baju celana dan rok untuk warga sekitar. Punya mesin jahit manual,3720870,14.7,Janda,1,SMA,089328777174,False,True,65
36,Ibu Julia Palastri,41,Female,Desa Sindanglaya,Bandung,Jawa Barat,Jahit Pakaian (Tailoring),Usaha jahit pakaian custom dan perbaikan baju. Sudah punya pelanggan tetap,3296239,7.3,Menikah,0,SMP,085115889264,True,False,80
37,Ibu Rachel Hutapea,37,Female,Desa Sukamaju,Majalengka,Jawa Barat,Jahit Pakaian (Tailoring),Terima jahit baju celana dan rok untuk warga sekitar. Punya mesin jahit manual,3771376,7.5,Menikah,5,D3,085892304399,True,True,65
38,Ibu Aisyah Prabowo,28,Female,Desa Sindanglaya,Garut,Jawa Barat,Jahit Pakaian (Tailoring),Jahit baju rumah dan sekolah kadang dapat pesanan seragam,3355265,5.1,Menikah,5,SMP,083108013058,True,False,23
39,Ibu Iriana Mansur,55,Female,Desa Cikalong,Garut,Jawa Barat,Jualan Sayur (Vegetable Vendor),Jualan sayur keliling dari pagi sampai siang. Ambil sayur dari pasar grosir,2379368,6.5,Janda,5,D3,087105601963,True,False,36
40,Ibu Najwa Nasyiah,25,Female,Desa Sindanglaya,Tasikmalaya,Jawa Barat,Jualan Sayur (Vegetable Vendor),Jualan sayur mayur segar setiap hari pelanggan ibu-ibu di komplek,1780336,11.1,Menikah,2,SD,087274652338,False,False,26
41,Ibu Zelda Winarsih,26,Female,Desa Rancaekek,Cianjur,Jawa Barat,Jualan Sayur (Vegetable Vendor),Jualan sayur keliling dari pagi sampai siang. Ambil sayur dari pasar grosir,1833638,10.1,Menikah,1,SD,082582216716,False,False,55
42,Ibu Qori Wahyudin,53,Female,Desa Cipanas,Tasikmalaya,Jawa Barat,Jualan Sayur (Vegetable Vendor),Jualan sayur mayur segar setiap hari pelanggan ibu-ibu di komplek,1755265,13.9,Menikah,1,SMA,085568773417,False,True,57
43,Ibu Anita Hakim,48,Female,Desa Margahayu,Bandung,Jawa Barat,Jualan Sayur (Vegetable Vendor),Dagang sayur di pasar pagi pulang siang kalau sudah habis,2242057,9.7,Janda,5,SMA,081209556951,True,True,49
44,Ibu Shania Ramadan,31,Female,Desa Bojongsoang,Sumedang,Jawa Barat,Jualan Sayur (Vegetable Vendor),Dagang sayur di pasar pagi pulang siang kalau sudah habis,1817644,9.0,Lajang,1,D3,083415517349,True,False,80
45,Ibu Rahayu Mandasari,35,Female,Desa Margahayu,Bandung,Jawa Barat,Jualan Sayur (Vegetable Vendor),Jualan sayur mayur segar setiap hari pelanggan ibu-ibu di komplek,1797229,8.7,Lajang,1,D3,084276616409,False,False,74
46,Ibu Indah Januar,39,Female,Desa Rancaekek,Majalengka,Jawa Barat,Usaha Catering Rumahan (Home Catering),Usaha katering spesial masakan Sunda sering dapat pesanan event kantor,3981256,7.5,Janda,0,SMP,084410780779,True,False,63
47,Ibu Vicky Anggriawan,42,Female,Desa Cipanas,Sumedang,Jawa Barat,Usaha Catering Rumahan (Home Catering),Catering rumahan dengan menu nasi box dan nasi tumpeng untuk acara kecil-menengah,3001320,9.3,Janda,2,SD,089038387436,True,False,25
48,Ibu Cinta Anggriawan,37,Female,Desa Cipanas,Majalengka,Jawa Barat,Usaha Catering Rumahan (Home Catering),Catering rumahan dengan menu nasi box dan nasi tumpeng untuk acara kecil-menengah,3864981,8.8,Janda,5,SD,082639402631,False,False,66
49,Ibu Hamima Lazuardi,47,Female,Desa Bojongsoang,Cianjur,Jawa Barat,Usaha Catering Rumahan (Home Catering),Usaha katering spesial masakan Sunda sering dapat pesanan event kantor,3519677,13.5,Janda,5,SMP,086259530270,False,False,42
50,Ibu Tina Riyanti,40,Female,Desa Sindanglaya,Cianjur,Jawa Barat,Usaha Catering Rumahan (Home Catering),Catering rumahan dengan menu nasi box dan nasi tumpeng untuk acara kecil-menengah,5825562,0.7,Janda,1,SMA,089908560560,True,True,53
51,Ibu Unjani Narpati,38,Female,Desa Cikalong,Majalengka,Jawa Barat,Usaha Catering Rumahan (Home Catering),Terima pesanan nasi kotak untuk acara arisan syukuran atau ulang tahun,5089982,10.5,Janda,5,SMP,081264940969,False,True,46
52,Ibu Shania Suwarno,29,Female,Desa Cikalong,Tasikmalaya,Jawa Barat,Salon Rumahan (Home Salon),Usaha salon rumahan buka setiap hari kecuali Minggu,3161992,13.2,Lajang,1,SMA,082888294360,True,False,27
53,Ibu Padma Winarno,50,Female,Desa Cikalong,Garut,Jawa Barat,Salon Rumahan (Home Salon),Salon kecil untuk wanita layanan potong dan perawatan rambut dasar,2641217,1.1,Menikah,4,SMP,083324427970,True,True,64
54,Ibu Anita Ardianto,34,Female,Desa Sindanglaya,Majalengka,Jawa Barat,Salon Rumahan (Home Salon),Salon kecil untuk wanita layanan potong dan perawatan rambut dasar,3925189,12.1,Janda,0,SMA,085282530535,True,False,27
55,Ibu Puti Fujiati,31,Female,Desa Sindanglaya,Bandung,Jawa Barat,Salon Rumahan (Home Salon),Usaha salon rumahan buka setiap hari kecuali Minggu,2815199,9.8,Janda,4,SMA,088830144812,True,True,30
56,Ibu Padmi Prakasa,46,Female,Desa Cipanas,Cianjur,Jawa Barat,Salon Rumahan (Home Salon),Salon kecil untuk wanita layanan potong dan perawatan rambut dasar,2333664,6.5,Janda,0,D3,088825255621,True,False,71
57,Ibu Samiah Iswahyudi,36,Female,Desa Cikalong,Sumedang,Jawa Barat,Toko Pulsa & Aksesoris HP (Mobile Shop),Jual pulsa paket data dan aksesoris HP. Buka dari pagi sampai malam,3556947,1.3,Menikah,5,SD,088902643948,False,True,77
58,Ibu Zelaya Prasetya,25,Female,Desa Cikalong,Majalengka,Jawa Barat,Toko Pulsa & Aksesoris HP (Mobile Shop),Counter HP untuk jual pulsa token listrik dan aksesoris handphone,2542169,2.7,Menikah,3,SMA,084222086680,False,True,23
59,Ibu Ophelia Damanik,52,Female,Desa Cikalong,Garut,Jawa Barat,Toko Pulsa & Aksesoris HP (Mobile Shop),Counter HP untuk jual pulsa token listrik dan aksesoris handphone,2508248,0.9,Janda,3,D3,088575735733,True,True,66
60,Ibu Maimunah Damanik,31,Female,Desa Sindanglaya,Garut,Jawa Barat,Toko Pulsa & Aksesoris HP (Mobile Shop),Toko pulsa lengkap dengan service HP ringan dan aksesoris,3852077,5.6,Menikah,0,SMP,081264384556,True,False,51
61,Ibu Yuliana Oktaviani,53,Female,Desa Bojongsoang,Bandung,Jawa Barat,Warung Nasi/Lauk Pauk (Food Stall),Jual nasi dengan berbagai lauk pelanggan buruh pabrik dan ojek online,3362268,11.2,Menikah,3,SMA,086334838011,True,False,49
62,Ibu Diah Marpaung,27,Female,Desa Sindanglaya,Majalengka,Jawa Barat,Warung Nasi/Lauk Pauk (Food Stall),Jual nasi dengan berbagai lauk pelanggan buruh pabrik dan ojek online,3304762,5.3,Menikah,3,SD,086179314337,True,True,33
63,Ibu Indah Lestari,29,Female,Desa Margahayu,Majalengka,Jawa Barat,Warung Nasi/Lauk Pauk (Food Stall),Jual nasi dengan berbagai lauk pelanggan buruh pabrik dan ojek online,4193890,3.9,Menikah,4,D3,085941861792,False,False,49
64,Ibu Keisha Hidayat,32,Female,Desa Cikalong,Garut,Jawa Barat,Warung Nasi/Lauk Pauk (Food Stall),Warung nasi dengan lauk pauk lengkap buka dari siang sampai sore,4988991,6.4,Janda,4,SMP,086713709097,True,False,27
65,Ibu Indah Mardhiyah,44,Female,Desa Sindanglaya,Cianjur,Jawa Barat,Warung Nasi/Lauk Pauk (Food Stall),Warung nasi dengan lauk pauk lengkap buka dari siang sampai sore,3045914,8.4,Janda,1,SMP,083357012221,False,False,29
66,Ibu Elisa Putra,42,Female,Desa Rancaekek,Tasikmalaya,Jawa Barat,Warung Nasi/Lauk Pauk (Food Stall),Warung makan sederhana dengan menu nasi campur dan nasi goreng,3903021,6.3,Menikah,3,SD,085869327701,False,True,25
67,Ibu Mala Permata,26,Female,Desa Sukamaju,Sumedang,Jawa Barat,Warung Nasi/Lauk Pauk (Food Stall),Jual nasi dengan berbagai lauk pelanggan buruh pabrik dan ojek online,4692134,0.6,Lajang,4,SMA,085064901796,True,False,71
68,Ibu Yance Suwarno,45,Female,Desa Cikalong,Cianjur,Jawa Barat,Industri Rumahan Kerupuk (Home Snack Industry),Produksi kerupuk mentah untuk dijual ke warung-warung sekitar,2219659,5.5,Menikah,2,SD,086987425569,False,True,69
69,Ibu Olivia Siregar,53,Female,Desa Sindanglaya,Bandung,Jawa Barat,Industri Rumahan Kerupuk (Home Snack Industry),Usaha kerupuk rumahan produksi 10-20kg per minggu,3457569,13.5,Janda,0,D3,082566064834,False,False,60
70,Ibu Diah Maulana,50,Female,Desa Cikalong,Majalengka,Jawa Barat,Industri Rumahan Kerupuk (Home Snack Industry),Produksi kerupuk mentah untuk dijual ke warung-warung sekitar,3374447,10.7,Menikah,1,SMP,088344372957,False,False,40
71,Ibu Kezia Haryanto,35,Female,Desa Sukamaju,Cianjur,Jawa Barat,Industri Rumahan Kerupuk (Home Snack Industry),Industri rumah tangga bikin kerupuk dan keripik untuk dijual grosir,3038809,10.0,Lajang,0,SD,082929777708,True,False,76
72,Ibu Chelsea Pertiwi,51,Female,Desa Margahayu,Tasikmalaya,Jawa Barat,Industri Rumahan Kerupuk (Home Snack Industry),Industri rumah tangga bikin kerupuk dan keripik untuk dijual grosir,2344023,7.5,Menikah,4,D3,087377263601,True,False,24
73,Ibu Endah Firgantoro,38,Female,Desa Sindanglaya,Tasikmalaya,Jawa Barat,Salon Rumahan (Home Salon),Salon di rumah untuk potong rambut creambath dan cat rambut,3369311,11.7,Janda,4,SMA,088408186367,True,True,31
74,Ibu Michelle Setiawan,30,Female,Desa Sindanglaya,Sumedang,Jawa Barat,Jahit Pakaian (Tailoring),Terima jahit baju celana dan rok untuk warga sekitar. Punya mesin jahit manual,2506382,10.6,Lajang,5,SMA,084103694357,False,False,68
75,Ibu Oliva Mardhiyah,38,Female,Desa Rancaekek,Majalengka,Jawa Barat,Jahit Pakaian (Tailoring),Usaha jahit pakaian custom dan perbaikan baju. Sudah punya pelanggan tetap,3772814,6.0,Lajang,3,SD,084411628145,False,False,22
